eventID,occurrenceID,associatedMedia,basisOfRecord,identificationVerificationStatus,identifiedBy,verbatimIdentification,scientificName,scientificNameID,kingdom,occurrenceStatus,institutionCode
D20180406T033616_IFCB115,D20180406T033616_IFCB115_00003_Bacillariophyceae,https://ifcb-data.whoi.edu/SIO_Delmar_mooring/D20180406T033616_IFCB115_00003.png,MachineObservation,ValidatedByHuman,hsosik,Bacillariophyceae,Bacillariophyceae,urn:lsid:marinespecies.org:taxname:148899,Chromista,present,Axiom ROR
D20180406T033616_IFCB115,D20180406T033616_IFCB115_00013_ciliate,https://ifcb-data.whoi.edu/SIO_Delmar_mooring/D20180406T033616_IFCB115_00013.png,MachineObservation,ValidatedByHuman,hsosik,ciliate,Spirotrichea,urn:lsid:marinespecies.org:taxname:1348,Chromista,present,Axiom ROR
D20180406T033616_IFCB115,D20180406T033616_IFCB115_00016_Euglena,https://ifcb-data.whoi.edu/SIO_Delmar_mooring/D20180406T033616_IFCB115_00016.png,MachineObservation,ValidatedByHuman,hsosik,Euglena,Euglena,urn:lsid:marinespecies.org:taxname:8012,Chromista,present,Axiom ROR
D20180406T033616_IFCB115,D20180406T033616_IFCB115_00019_Chaetoceros,https://ifcb-data.whoi.edu/SIO_Delmar_mooring/D20180406T033616_IFCB115_00019.png,MachineObservation,ValidatedByHuman,kkenitz,Chaetoceros,Chaetoceros,urn:lsid:marinespecies.org:taxname:148985,Chromista,present,Axiom ROR
D20180406T033616_IFCB115,D20180406T033616_IFCB115_00021_ciliate,https://ifcb-data.whoi.edu/SIO_Delmar_mooring/D20180406T033616_IFCB115_00021.png,MachineObservation,ValidatedByHuman,hsosik,ciliate,Spirotrichea,urn:lsid:marinespecies.org:taxname:1348,Chromista,present,Axiom ROR
D20180406T033616_IFCB115,D20180406T033616_IFCB115_00031_Dinophyceae,https://ifcb-data.whoi.edu/SIO_Delmar_mooring/D20180406T033616_IFCB115_00031.png,MachineObservation,ValidatedByHuman,hsosik,Dinophyceae,Dinophyceae,urn:lsid:marinespecies.org:taxname:19542,NaN,present,Axiom ROR
D20180406T033616_IFCB115,D20180406T033616_IFCB115_00037_Dinophyceae,https://ifcb-data.whoi.edu/SIO_Delmar_mooring/D20180406T033616_IFCB115_00037.png,MachineObservation,ValidatedByHuman,hsosik,Dinophyceae,Dinophyceae,urn:lsid:marinespecies.org:taxname:19542,NaN,present,Axiom ROR
D20180406T033616_IFCB115,D20180406T033616_IFCB115_00049_ciliate,https://ifcb-data.whoi.edu/SIO_Delmar_mooring/D20180406T033616_IFCB115_00049.png,MachineObservation,ValidatedByHuman,hsosik,ciliate,Spirotrichea,urn:lsid:marinespecies.org:taxname:1348,Chromista,present,Axiom ROR
D20180406T033616_IFCB115,D20180406T033616_IFCB115_00070_ciliate,https://ifcb-data.whoi.edu/SIO_Delmar_mooring/D20180406T033616_IFCB115_00070.png,MachineObservation,ValidatedByHuman,hsosik,ciliate,Spirotrichea,urn:lsid:marinespecies.org:taxname:1348,NaN,present,Axiom ROR
D20180406T033616_IFCB115,D20180406T033616_IFCB115_00075_ciliate,https://ifcb-data.whoi.edu/SIO_Delmar_mooring/D20180406T033616_IFCB115_00075.png,MachineObservation,ValidatedByHuman,hsosik,ciliate,Spirotrichea,urn:lsid:marinespecies.org:taxname:1348,Chromista,present,Axiom ROR
D20180406T033616_IFCB115,D20180406T033616_IFCB115_00085_Cylindrotheca,https://ifcb-data.whoi.edu/SIO_Delmar_mooring/D20180406T033616_IFCB115_00085.png,MachineObservation,ValidatedByHuman,jaymesmi,Cylindrotheca,Cylindrotheca,urn:lsid:marinespecies.org:taxname:149003,Chromista,present,Axiom ROR
D20180406T033616_IFCB115,D20180406T033616_IFCB115_00086_ciliate,https://ifcb-data.whoi.edu/SIO_Delmar_mooring/D20180406T033616_IFCB115_00086.png,MachineObservation,ValidatedByHuman,hsosik,ciliate,Spirotrichea,urn:lsid:marinespecies.org:taxname:1348,Chromista,present,Axiom ROR
D20180406T033616_IFCB115,D20180406T033616_IFCB115_00098_Bacillariophyceae,https://ifcb-data.whoi.edu/SIO_Delmar_mooring/D20180406T033616_IFCB115_00098.png,MachineObservation,ValidatedByHuman,hsosik,Bacillariophyceae,Bacillariophyceae,urn:lsid:marinespecies.org:taxname:148899,NaN,present,Axiom ROR
D20180406T033616_IFCB115,D20180406T033616_IFCB115_00102_Mesodinium,https://ifcb-data.whoi.edu/SIO_Delmar_mooring/D20180406T033616_IFCB115_00102.png,MachineObservation,ValidatedByHuman,kkenitz,Mesodinium,Mesodinium,urn:lsid:marinespecies.org:taxname:179320,Chromista,present,Axiom ROR
D20180406T033616_IFCB115,D20180406T033616_IFCB115_00109_Dinophyceae,https://ifcb-data.whoi.edu/SIO_Delmar_mooring/D20180406T033616_IFCB115_00109.png,MachineObservation,ValidatedByHuman,hsosik,Dinophyceae,Dinophyceae,urn:lsid:marinespecies.org:taxname:19542,Chromista,present,Axiom ROR
D20180406T033616_IFCB115,D20180406T033616_IFCB115_00117_Chaetoceros,https://ifcb-data.whoi.edu/SIO_Delmar_mooring/D20180406T033616_IFCB115_00117.png,MachineObservation,ValidatedByHuman,kkenitz,Chaetoceros,Chaetoceros,urn:lsid:marinespecies.org:taxname:148985,Chromista,present,Axiom ROR
D20180406T033616_IFCB115,D20180406T033616_IFCB115_00129_ciliate,https://ifcb-data.whoi.edu/SIO_Delmar_mooring/D20180406T033616_IFCB115_00129.png,MachineObservation,ValidatedByHuman,hsosik,ciliate,Spirotrichea,urn:lsid:marinespecies.org:taxname:1348,Chromista,present,Axiom ROR
D20180406T033616_IFCB115,D20180406T033616_IFCB115_00130_Dinophyceae,https://ifcb-data.whoi.edu/SIO_Delmar_mooring/D20180406T033616_IFCB115_00130.png,MachineObservation,ValidatedByHuman,hsosik,Dinophyceae,Dinophyceae,urn:lsid:marinespecies.org:taxname:19542,NaN,present,Axiom ROR
D20180406T033616_IFCB115,D20180406T033616_IFCB115_00133_Rhizosolenia,https://ifcb-data.whoi.edu/SIO_Delmar_mooring/D20180406T033616_IFCB115_00133.png,MachineObservation,ValidatedByHuman,rshipe,Rhizosolenia,Rhizosolenia,urn:lsid:marinespecies.org:taxname:149069,Chromista,present,Axiom ROR
D20180406T033616_IFCB115,D20180406T033616_IFCB115_00152_Bacillariophyceae,https://ifcb-data.whoi.edu/SIO_Delmar_mooring/D20180406T033616_IFCB115_00152.png,MachineObservation,ValidatedByHuman,hsosik,Bacillariophyceae,Bacillariophyceae,urn:lsid:marinespecies.org:taxname:148899,Chromista,present,Axiom ROR
D20180406T033616_IFCB115,D20180406T033616_IFCB115_00166_Dinophyceae,https://ifcb-data.whoi.edu/SIO_Delmar_mooring/D20180406T033616_IFCB115_00166.png,MachineObservation,ValidatedByHuman,hsosik,Dinophyceae,Dinophyceae,urn:lsid:marinespecies.org:taxname:19542,Chromista,present,Axiom ROR
D20180406T033616_IFCB115,D20180406T033616_IFCB115_00191_Chaetoceros,https://ifcb-data.whoi.edu/SIO_Delmar_mooring/D20180406T033616_IFCB115_00191.png,MachineObservation,ValidatedByHuman,kkenitz,Chaetoceros,Chaetoceros,urn:lsid:marinespecies.org:taxname:148985,Chromista,present,Axiom ROR
D20180406T033616_IFCB115,D20180406T033616_IFCB115_00194_Dinophyceae,https://ifcb-data.whoi.edu/SIO_Delmar_mooring/D20180406T033616_IFCB115_00194.png,MachineObservation,ValidatedByHuman,hsosik,Dinophyceae,Dinophyceae,urn:lsid:marinespecies.org:taxname:19542,NaN,present,Axiom ROR
D20180406T033616_IFCB115,D20180406T033616_IFCB115_00196_Ceratium fusus,https://ifcb-data.whoi.edu/SIO_Delmar_mooring/D20180406T033616_IFCB115_00196.png,MachineObservation,ValidatedByHuman,kkenitz,Ceratium fusus,Tripos fusus,urn:lsid:marinespecies.org:taxname:840626,Chromista,present,Axiom ROR
D20180406T033616_IFCB115,D20180406T033616_IFCB115_00198_Bacillariophyceae,https://ifcb-data.whoi.edu/SIO_Delmar_mooring/D20180406T033616_IFCB115_00198.png,MachineObservation,ValidatedByHuman,hsosik,Bacillariophyceae,Bacillariophyceae,urn:lsid:marinespecies.org:taxname:148899,Chromista,present,Axiom ROR
D20180406T033616_IFCB115,D20180406T033616_IFCB115_00200_Mesodinium,https://ifcb-data.whoi.edu/SIO_Delmar_mooring/D20180406T033616_IFCB115_00200.png,MachineObservation,ValidatedByHuman,kkenitz,Mesodinium,Mesodinium,urn:lsid:marinespecies.org:taxname:179320,Chromista,present,Axiom ROR
D20180406T033616_IFCB115,D20180406T033616_IFCB115_00204_Chaetoceros,https://ifcb-data.whoi.edu/SIO_Delmar_mooring/D20180406T033616_IFCB115_00204.png,MachineObservation,ValidatedByHuman,kkenitz,Chaetoceros,Chaetoceros,urn:lsid:marinespecies.org:taxname:148985,Chromista,present,Axiom ROR
D20180406T033616_IFCB115,D20180406T033616_IFCB115_00206_ciliate,https://ifcb-data.whoi.edu/SIO_Delmar_mooring/D20180406T033616_IFCB115_00206.png,MachineObservation,ValidatedByHuman,hsosik,ciliate,Spirotrichea,urn:lsid:marinespecies.org:taxname:1348,Chromista,present,Axiom ROR
D20180406T033616_IFCB115,D20180406T033616_IFCB115_00209_Dinophyceae,https://ifcb-data.whoi.edu/SIO_Delmar_mooring/D20180406T033616_IFCB115_00209.png,MachineObservation,ValidatedByHuman,hsosik,Dinophyceae,Dinophyceae,urn:lsid:marinespecies.org:taxname:19542,Chromista,present,Axiom ROR
D20180406T033616_IFCB115,D20180406T033616_IFCB115_00218_Ceratium fusus,https://ifcb-data.whoi.edu/SIO_Delmar_mooring/D20180406T033616_IFCB115_00218.png,MachineObservation,ValidatedByHuman,kkenitz,Ceratium fusus,Tripos fusus,urn:lsid:marinespecies.org:taxname:840626,Chromista,present,Axiom ROR
D20180406T033616_IFCB115,D20180406T033616_IFCB115_00224_Ceratium furca,https://ifcb-data.whoi.edu/SIO_Delmar_mooring/D20180406T033616_IFCB115_00224.png,MachineObservation,ValidatedByHuman,kkenitz,Ceratium furca,Tripos furca,urn:lsid:marinespecies.org:taxname:840627,Chromista,present,Axiom ROR
D20180406T033616_IFCB115,D20180406T033616_IFCB115_00226_ciliate,https://ifcb-data.whoi.edu/SIO_Delmar_mooring/D20180406T033616_IFCB115_00226.png,MachineObservation,ValidatedByHuman,hsosik,ciliate,Spirotrichea,urn:lsid:marinespecies.org:taxname:1348,Chromista,present,Axiom ROR
D20180406T033616_IFCB115,D20180406T033616_IFCB115_00227_Dinophyceae,https://ifcb-data.whoi.edu/SIO_Delmar_mooring/D20180406T033616_IFCB115_00227.png,MachineObservation,ValidatedByHuman,hsosik,Dinophyceae,Dinophyceae,urn:lsid:marinespecies.org:taxname:19542,Chromista,present,Axiom ROR
D20180406T033616_IFCB115,D20180406T033616_IFCB115_00236_ciliate,https://ifcb-data.whoi.edu/SIO_Delmar_mooring/D20180406T033616_IFCB115_00236.png,MachineObservation,ValidatedByHuman,hsosik,ciliate,Spirotrichea,urn:lsid:marinespecies.org:taxname:1348,Chromista,present,Axiom ROR
D20180406T033616_IFCB115,D20180406T033616_IFCB115_00243_Ceratium fusus,https://ifcb-data.whoi.edu/SIO_Delmar_mooring/D20180406T033616_IFCB115_00243.png,MachineObservation,ValidatedByHuman,kkenitz,Ceratium fusus,Tripos fusus,urn:lsid:marinespecies.org:taxname:840626,NaN,present,Axiom ROR
D20180406T033616_IFCB115,D20180406T033616_IFCB115_00257_ciliate,https://ifcb-data.whoi.edu/SIO_Delmar_mooring/D20180406T033616_IFCB115_00257.png,MachineObservation,ValidatedByHuman,hsosik,ciliate,Spirotrichea,urn:lsid:marinespecies.org:taxname:1348,Chromista,present,Axiom ROR
D20180406T033616_IFCB115,D20180406T033616_IFCB115_00259_Dinophyceae,https://ifcb-data.whoi.edu/SIO_Delmar_mooring/D20180406T033616_IFCB115_00259.png,MachineObservation,ValidatedByHuman,hsosik,Dinophyceae,Dinophyceae,urn:lsid:marinespecies.org:taxname:19542,Chromista,present,Axiom ROR
D20180406T033616_IFCB115,D20180406T033616_IFCB115_00282_Dinophyceae,https://ifcb-data.whoi.edu/SIO_Delmar_mooring/D20180406T033616_IFCB115_00282.png,MachineObservation,ValidatedByHuman,hsosik,Dinophyceae,Dinophyceae,urn:lsid:marinespecies.org:taxname:19542,NaN,present,Axiom ROR
D20180406T033616_IFCB115,D20180406T033616_IFCB115_00292_Dinophyceae,https://ifcb-data.whoi.edu/SIO_Delmar_mooring/D20180406T033616_IFCB115_00292.png,MachineObservation,ValidatedByHuman,hsosik,Dinophyceae,Dinophyceae,urn:lsid:marinespecies.org:taxname:19542,Chromista,present,Axiom ROR
D20180406T033616_IFCB115,D20180406T033616_IFCB115_00298_Dinophyceae,https://ifcb-data.whoi.edu/SIO_Delmar_mooring/D20180406T033616_IFCB115_00298.png,MachineObservation,ValidatedByHuman,hsosik,Dinophyceae,Dinophyceae,urn:lsid:marinespecies.org:taxname:19542,NaN,present,Axiom ROR
D20180406T033616_IFCB115,D20180406T033616_IFCB115_00305_Dinophyceae,https://ifcb-data.whoi.edu/SIO_Delmar_mooring/D20180406T033616_IFCB115_00305.png,MachineObservation,ValidatedByHuman,hsosik,Dinophyceae,Dinophyceae,urn:lsid:marinespecies.org:taxname:19542,Chromista,present,Axiom ROR
D20180406T033616_IFCB115,D20180406T033616_IFCB115_00317_Dinophyceae,https://ifcb-data.whoi.edu/SIO_Delmar_mooring/D20180406T033616_IFCB115_00317.png,MachineObservation,ValidatedByHuman,hsosik,Dinophyceae,Dinophyceae,urn:lsid:marinespecies.org:taxname:19542,Chromista,present,Axiom ROR
D20180406T033616_IFCB115,D20180406T033616_IFCB115_00318_Dinophyceae,https://ifcb-data.whoi.edu/SIO_Delmar_mooring/D20180406T033616_IFCB115_00318.png,MachineObservation,ValidatedByHuman,hsosik,Dinophyceae,Dinophyceae,urn:lsid:marinespecies.org:taxname:19542,Chromista,present,Axiom ROR
D20180406T033616_IFCB115,D20180406T033616_IFCB115_00319_Dinophyceae,https://ifcb-data.whoi.edu/SIO_Delmar_mooring/D20180406T033616_IFCB115_00319.png,MachineObservation,ValidatedByHuman,hsosik,Dinophyceae,Dinophyceae,urn:lsid:marinespecies.org:taxname:19542,NaN,present,Axiom ROR
D20180406T033616_IFCB115,D20180406T033616_IFCB115_00332_Leptocylindrus,https://ifcb-data.whoi.edu/SIO_Delmar_mooring/D20180406T033616_IFCB115_00332.png,MachineObservation,ValidatedByHuman,rshipe,Leptocylindrus,Leptocylindrus,urn:lsid:marinespecies.org:taxname:149038,Chromista,present,Axiom ROR
D20180406T033616_IFCB115,D20180406T033616_IFCB115_00355_ciliate,https://ifcb-data.whoi.edu/SIO_Delmar_mooring/D20180406T033616_IFCB115_00355.png,MachineObservation,ValidatedByHuman,hsosik,ciliate,Spirotrichea,urn:lsid:marinespecies.org:taxname:1348,Chromista,present,Axiom ROR
D20180406T033616_IFCB115,D20180406T033616_IFCB115_00364_Chaetoceros,https://ifcb-data.whoi.edu/SIO_Delmar_mooring/D20180406T033616_IFCB115_00364.png,MachineObservation,ValidatedByHuman,kkenitz,Chaetoceros,Chaetoceros,urn:lsid:marinespecies.org:taxname:148985,Chromista,present,Axiom ROR
D20180406T033616_IFCB115,D20180406T033616_IFCB115_00373_Dinophyceae,https://ifcb-data.whoi.edu/SIO_Delmar_mooring/D20180406T033616_IFCB115_00373.png,MachineObservation,ValidatedByHuman,hsosik,Dinophyceae,Dinophyceae,urn:lsid:marinespecies.org:taxname:19542,Protozoa,present,Axiom ROR
D20180406T033616_IFCB115,D20180406T033616_IFCB115_00375_ciliate,https://ifcb-data.whoi.edu/SIO_Delmar_mooring/D20180406T033616_IFCB115_00375.png,MachineObservation,ValidatedByHuman,hsosik,ciliate,Spirotrichea,urn:lsid:marinespecies.org:taxname:1348,Chromista,present,Axiom ROR
D20180406T033616_IFCB115,D20180406T033616_IFCB115_00377_Dinophyceae,https://ifcb-data.whoi.edu/SIO_Delmar_mooring/D20180406T033616_IFCB115_00377.png,MachineObservation,ValidatedByHuman,hsosik,Dinophyceae,Dinophyceae,urn:lsid:marinespecies.org:taxname:19542,Chromista,present,Axiom ROR
D20180406T033616_IFCB115,D20180406T033616_IFCB115_00387_Chaetoceros,https://ifcb-data.whoi.edu/SIO_Delmar_mooring/D20180406T033616_IFCB115_00387.png,MachineObservation,ValidatedByHuman,kkenitz,Chaetoceros,Chaetoceros,urn:lsid:marinespecies.org:taxname:148985,Chromista,present,Axiom ROR
D20180406T033616_IFCB115,D20180406T033616_IFCB115_00388_ciliate,https://ifcb-data.whoi.edu/SIO_Delmar_mooring/D20180406T033616_IFCB115_00388.png,MachineObservation,ValidatedByHuman,hsosik,ciliate,Spirotrichea,urn:lsid:marinespecies.org:taxname:1348,Chromista,present,Axiom ROR
D20180406T033616_IFCB115,D20180406T033616_IFCB115_00396_Leptocylindrus,https://ifcb-data.whoi.edu/SIO_Delmar_mooring/D20180406T033616_IFCB115_00396.png,MachineObservation,ValidatedByHuman,rshipe,Leptocylindrus,Leptocylindrus,urn:lsid:marinespecies.org:taxname:149038,Chromista,present,Axiom ROR
D20180406T033616_IFCB115,D20180406T033616_IFCB115_00399_Dinophyceae,https://ifcb-data.whoi.edu/SIO_Delmar_mooring/D20180406T033616_IFCB115_00399.png,MachineObservation,ValidatedByHuman,hsosik,Dinophyceae,Dinophyceae,urn:lsid:marinespecies.org:taxname:19542,Chromista,present,Axiom ROR
D20180406T033616_IFCB115,D20180406T033616_IFCB115_00425_Cylindrotheca,https://ifcb-data.whoi.edu/SIO_Delmar_mooring/D20180406T033616_IFCB115_00425.png,MachineObservation,ValidatedByHuman,jaymesmi,Cylindrotheca,Cylindrotheca,urn:lsid:marinespecies.org:taxname:149003,Chromista,present,Axiom ROR
D20180406T033616_IFCB115,D20180406T033616_IFCB115_00429_Dinophyceae,https://ifcb-data.whoi.edu/SIO_Delmar_mooring/D20180406T033616_IFCB115_00429.png,MachineObservation,ValidatedByHuman,hsosik,Dinophyceae,Dinophyceae,urn:lsid:marinespecies.org:taxname:19542,Chromista,present,Axiom ROR
D20180406T033616_IFCB115,D20180406T033616_IFCB115_00434_Dinophyceae,https://ifcb-data.whoi.edu/SIO_Delmar_mooring/D20180406T033616_IFCB115_00434.png,MachineObservation,ValidatedByHuman,hsosik,Dinophyceae,Dinophyceae,urn:lsid:marinespecies.org:taxname:19542,Chromista,present,Axiom ROR
D20180406T033616_IFCB115,D20180406T033616_IFCB115_00435_Dinophyceae,https://ifcb-data.whoi.edu/SIO_Delmar_mooring/D20180406T033616_IFCB115_00435.png,MachineObservation,ValidatedByHuman,hsosik,Dinophyceae,Dinophyceae,urn:lsid:marinespecies.org:taxname:19542,Chromista,present,Axiom ROR
D20180406T033616_IFCB115,D20180406T033616_IFCB115_00454_Dinophyceae,https://ifcb-data.whoi.edu/SIO_Delmar_mooring/D20180406T033616_IFCB115_00454.png,MachineObservation,ValidatedByHuman,hsosik,Dinophyceae,Dinophyceae,urn:lsid:marinespecies.org:taxname:19542,NaN,present,Axiom ROR
D20180406T033616_IFCB115,D20180406T033616_IFCB115_00459_ciliate,https://ifcb-data.whoi.edu/SIO_Delmar_mooring/D20180406T033616_IFCB115_00459.png,MachineObservation,ValidatedByHuman,hsosik,ciliate,Spirotrichea,urn:lsid:marinespecies.org:taxname:1348,Chromista,present,Axiom ROR
D20180406T033616_IFCB115,D20180406T033616_IFCB115_00467_Ceratium fusus,https://ifcb-data.whoi.edu/SIO_Delmar_mooring/D20180406T033616_IFCB115_00467.png,MachineObservation,ValidatedByHuman,kkenitz,Ceratium fusus,Tripos fusus,urn:lsid:marinespecies.org:taxname:840626,Chromista,present,Axiom ROR
D20180406T033616_IFCB115,D20180406T033616_IFCB115_00474_ciliate,https://ifcb-data.whoi.edu/SIO_Delmar_mooring/D20180406T033616_IFCB115_00474.png,MachineObservation,ValidatedByHuman,hsosik,ciliate,Spirotrichea,urn:lsid:marinespecies.org:taxname:1348,Chromista,present,Axiom ROR
D20180406T033616_IFCB115,D20180406T033616_IFCB115_00476_Dinophyceae,https://ifcb-data.whoi.edu/SIO_Delmar_mooring/D20180406T033616_IFCB115_00476.png,MachineObservation,ValidatedByHuman,hsosik,Dinophyceae,Dinophyceae,urn:lsid:marinespecies.org:taxname:19542,Chromista,present,Axiom ROR
D20180406T033616_IFCB115,D20180406T033616_IFCB115_00492_Bacillariophyceae,https://ifcb-data.whoi.edu/SIO_Delmar_mooring/D20180406T033616_IFCB115_00492.png,MachineObservation,ValidatedByHuman,hsosik,Bacillariophyceae,Bacillariophyceae,urn:lsid:marinespecies.org:taxname:148899,NaN,present,Axiom ROR
D20180406T033616_IFCB115,D20180406T033616_IFCB115_00497_ciliate,https://ifcb-data.whoi.edu/SIO_Delmar_mooring/D20180406T033616_IFCB115_00497.png,MachineObservation,ValidatedByHuman,hsosik,ciliate,Spirotrichea,urn:lsid:marinespecies.org:taxname:1348,Chromista,present,Axiom ROR
D20180406T033616_IFCB115,D20180406T033616_IFCB115_00498_Dinophyceae,https://ifcb-data.whoi.edu/SIO_Delmar_mooring/D20180406T033616_IFCB115_00498.png,MachineObservation,ValidatedByHuman,hsosik,Dinophyceae,Dinophyceae,urn:lsid:marinespecies.org:taxname:19542,Chromista,present,Axiom ROR
D20180406T033616_IFCB115,D20180406T033616_IFCB115_00499_Dinophyceae,https://ifcb-data.whoi.edu/SIO_Delmar_mooring/D20180406T033616_IFCB115_00499.png,MachineObservation,ValidatedByHuman,hsosik,Dinophyceae,Dinophyceae,urn:lsid:marinespecies.org:taxname:19542,Chromista,present,Axiom ROR
D20180406T033616_IFCB115,D20180406T033616_IFCB115_00501_Bacillariophyceae,https://ifcb-data.whoi.edu/SIO_Delmar_mooring/D20180406T033616_IFCB115_00501.png,MachineObservation,ValidatedByHuman,hsosik,Bacillariophyceae,Bacillariophyceae,urn:lsid:marinespecies.org:taxname:148899,Chromista,present,Axiom ROR
D20180406T033616_IFCB115,D20180406T033616_IFCB115_00508_Bacillariophyceae,https://ifcb-data.whoi.edu/SIO_Delmar_mooring/D20180406T033616_IFCB115_00508.png,MachineObservation,ValidatedByHuman,hsosik,Bacillariophyceae,Bacillariophyceae,urn:lsid:marinespecies.org:taxname:148899,Chromista,present,Axiom ROR
D20180406T033616_IFCB115,D20180406T033616_IFCB115_00520_ciliate,https://ifcb-data.whoi.edu/SIO_Delmar_mooring/D20180406T033616_IFCB115_00520.png,MachineObservation,ValidatedByHuman,hsosik,ciliate,Spirotrichea,urn:lsid:marinespecies.org:taxname:1348,Chromista,present,Axiom ROR
D20180406T033616_IFCB115,D20180406T033616_IFCB115_00528_Dinophyceae,https://ifcb-data.whoi.edu/SIO_Delmar_mooring/D20180406T033616_IFCB115_00528.png,MachineObservation,ValidatedByHuman,hsosik,Dinophyceae,Dinophyceae,urn:lsid:marinespecies.org:taxname:19542,NaN,present,Axiom ROR
D20180406T033616_IFCB115,D20180406T033616_IFCB115_00541_Dinophyceae,https://ifcb-data.whoi.edu/SIO_Delmar_mooring/D20180406T033616_IFCB115_00541.png,MachineObservation,ValidatedByHuman,hsosik,Dinophyceae,Dinophyceae,urn:lsid:marinespecies.org:taxname:19542,Chromista,present,Axiom ROR
D20180406T033616_IFCB115,D20180406T033616_IFCB115_00561_ciliate,https://ifcb-data.whoi.edu/SIO_Delmar_mooring/D20180406T033616_IFCB115_00561.png,MachineObservation,ValidatedByHuman,hsosik,ciliate,Spirotrichea,urn:lsid:marinespecies.org:taxname:1348,Chromista,present,Axiom ROR
D20180406T033616_IFCB115,D20180406T033616_IFCB115_00576_Mesodinium,https://ifcb-data.whoi.edu/SIO_Delmar_mooring/D20180406T033616_IFCB115_00576.png,MachineObservation,ValidatedByHuman,kkenitz,Mesodinium,Mesodinium,urn:lsid:marinespecies.org:taxname:179320,Chromista,present,Axiom ROR
D20180406T033616_IFCB115,D20180406T033616_IFCB115_00577_Dinophyceae,https://ifcb-data.whoi.edu/SIO_Delmar_mooring/D20180406T033616_IFCB115_00577.png,MachineObservation,ValidatedByHuman,hsosik,Dinophyceae,Dinophyceae,urn:lsid:marinespecies.org:taxname:19542,Chromista,present,Axiom ROR
D20180406T033616_IFCB115,D20180406T033616_IFCB115_00598_Ceratium fusus,https://ifcb-data.whoi.edu/SIO_Delmar_mooring/D20180406T033616_IFCB115_00598.png,MachineObservation,ValidatedByHuman,kkenitz,Ceratium fusus,Tripos fusus,urn:lsid:marinespecies.org:taxname:840626,Chromista,present,Axiom ROR
D20180406T033616_IFCB115,D20180406T033616_IFCB115_00615_ciliate,https://ifcb-data.whoi.edu/SIO_Delmar_mooring/D20180406T033616_IFCB115_00615.png,MachineObservation,ValidatedByHuman,hsosik,ciliate,Spirotrichea,urn:lsid:marinespecies.org:taxname:1348,NaN,present,Axiom ROR
D20180406T033616_IFCB115,D20180406T033616_IFCB115_00622_Dinophyceae,https://ifcb-data.whoi.edu/SIO_Delmar_mooring/D20180406T033616_IFCB115_00622.png,MachineObservation,ValidatedByHuman,hsosik,Dinophyceae,Dinophyceae,urn:lsid:marinespecies.org:taxname:19542,NaN,present,Axiom ROR
D20180406T033616_IFCB115,D20180406T033616_IFCB115_00626_Dinophyceae,https://ifcb-data.whoi.edu/SIO_Delmar_mooring/D20180406T033616_IFCB115_00626.png,MachineObservation,ValidatedByHuman,hsosik,Dinophyceae,Dinophyceae,urn:lsid:marinespecies.org:taxname:19542,NaN,present,Axiom ROR
D20180406T033616_IFCB115,D20180406T033616_IFCB115_00628_Mesodinium,https://ifcb-data.whoi.edu/SIO_Delmar_mooring/D20180406T033616_IFCB115_00628.png,MachineObservation,ValidatedByHuman,kkenitz,Mesodinium,Mesodinium,urn:lsid:marinespecies.org:taxname:179320,Chromista,present,Axiom ROR
D20180406T033616_IFCB115,D20180406T033616_IFCB115_00643_ciliate,https://ifcb-data.whoi.edu/SIO_Delmar_mooring/D20180406T033616_IFCB115_00643.png,MachineObservation,ValidatedByHuman,hsosik,ciliate,Spirotrichea,urn:lsid:marinespecies.org:taxname:1348,Chromista,present,Axiom ROR
D20180406T033616_IFCB115,D20180406T033616_IFCB115_00645_Cylindrotheca,https://ifcb-data.whoi.edu/SIO_Delmar_mooring/D20180406T033616_IFCB115_00645.png,MachineObservation,ValidatedByHuman,jaymesmi,Cylindrotheca,Cylindrotheca,urn:lsid:marinespecies.org:taxname:149003,Chromista,present,Axiom ROR
D20180406T033616_IFCB115,D20180406T033616_IFCB115_00651_Cerataulina pelagica,https://ifcb-data.whoi.edu/SIO_Delmar_mooring/D20180406T033616_IFCB115_00651.png,MachineObservation,ValidatedByHuman,hsosik,Cerataulina pelagica,Cerataulina bergonii,urn:lsid:marinespecies.org:taxname:961694,NaN,present,Axiom ROR
D20180406T033616_IFCB115,D20180406T033616_IFCB115_00662_pennate,https://ifcb-data.whoi.edu/SIO_Delmar_mooring/D20180406T033616_IFCB115_00662.png,MachineObservation,ValidatedByHuman,hsosik,pennate,Bacillariophyceae,urn:lsid:marinespecies.org:taxname:148899,Chromista,present,Axiom ROR
D20180406T033616_IFCB115,D20180406T033616_IFCB115_00666_Dinophyceae,https://ifcb-data.whoi.edu/SIO_Delmar_mooring/D20180406T033616_IFCB115_00666.png,MachineObservation,ValidatedByHuman,hsosik,Dinophyceae,Dinophyceae,urn:lsid:marinespecies.org:taxname:19542,Chromista,present,Axiom ROR
D20180406T033616_IFCB115,D20180406T033616_IFCB115_00710_ciliate,https://ifcb-data.whoi.edu/SIO_Delmar_mooring/D20180406T033616_IFCB115_00710.png,MachineObservation,ValidatedByHuman,hsosik,ciliate,Spirotrichea,urn:lsid:marinespecies.org:taxname:1348,Chromista,present,Axiom ROR
D20180406T033616_IFCB115,D20180406T033616_IFCB115_00734_Dinophyceae,https://ifcb-data.whoi.edu/SIO_Delmar_mooring/D20180406T033616_IFCB115_00734.png,MachineObservation,ValidatedByHuman,hsosik,Dinophyceae,Dinophyceae,urn:lsid:marinespecies.org:taxname:19542,NaN,present,Axiom ROR
D20180406T033616_IFCB115,D20180406T033616_IFCB115_00779_Cylindrotheca,https://ifcb-data.whoi.edu/SIO_Delmar_mooring/D20180406T033616_IFCB115_00779.png,MachineObservation,ValidatedByHuman,jaymesmi,Cylindrotheca,Cylindrotheca,urn:lsid:marinespecies.org:taxname:149003,Chromista,present,Axiom ROR
D20180406T033616_IFCB115,D20180406T033616_IFCB115_00784_Dinophyceae,https://ifcb-data.whoi.edu/SIO_Delmar_mooring/D20180406T033616_IFCB115_00784.png,MachineObservation,ValidatedByHuman,hsosik,Dinophyceae,Dinophyceae,urn:lsid:marinespecies.org:taxname:19542,NaN,present,Axiom ROR
D20180406T033616_IFCB115,D20180406T033616_IFCB115_00788_Dinophyceae,https://ifcb-data.whoi.edu/SIO_Delmar_mooring/D20180406T033616_IFCB115_00788.png,MachineObservation,ValidatedByHuman,hsosik,Dinophyceae,Dinophyceae,urn:lsid:marinespecies.org:taxname:19542,Chromista,present,Axiom ROR
D20180406T033616_IFCB115,D20180406T033616_IFCB115_00802_ciliate,https://ifcb-data.whoi.edu/SIO_Delmar_mooring/D20180406T033616_IFCB115_00802.png,MachineObservation,ValidatedByHuman,hsosik,ciliate,Spirotrichea,urn:lsid:marinespecies.org:taxname:1348,NaN,present,Axiom ROR
D20180406T033616_IFCB115,D20180406T033616_IFCB115_00823_Bacteriastrum,https://ifcb-data.whoi.edu/SIO_Delmar_mooring/D20180406T033616_IFCB115_00823.png,MachineObservation,ValidatedByHuman,kkenitz,Bacteriastrum,Bacteriastrum,urn:lsid:marinespecies.org:taxname:149118,Chromista,present,Axiom ROR
D20180406T033616_IFCB115,D20180406T033616_IFCB115_00842_ciliate,https://ifcb-data.whoi.edu/SIO_Delmar_mooring/D20180406T033616_IFCB115_00842.png,MachineObservation,ValidatedByHuman,hsosik,ciliate,Spirotrichea,urn:lsid:marinespecies.org:taxname:1348,Chromista,present,Axiom ROR
D20180406T033616_IFCB115,D20180406T033616_IFCB115_00844_Dinophyceae,https://ifcb-data.whoi.edu/SIO_Delmar_mooring/D20180406T033616_IFCB115_00844.png,MachineObservation,ValidatedByHuman,hsosik,Dinophyceae,Dinophyceae,urn:lsid:marinespecies.org:taxname:19542,Chromista,present,Axiom ROR
D20180406T033616_IFCB115,D20180406T033616_IFCB115_00858_Bacillariophyceae,https://ifcb-data.whoi.edu/SIO_Delmar_mooring/D20180406T033616_IFCB115_00858.png,MachineObservation,ValidatedByHuman,hsosik,Bacillariophyceae,Bacillariophyceae,urn:lsid:marinespecies.org:taxname:148899,Chromista,present,Axiom ROR
D20180406T033616_IFCB115,D20180406T033616_IFCB115_00865_Cylindrotheca,https://ifcb-data.whoi.edu/SIO_Delmar_mooring/D20180406T033616_IFCB115_00865.png,MachineObservation,ValidatedByHuman,jaymesmi,Cylindrotheca,Cylindrotheca,urn:lsid:marinespecies.org:taxname:149003,Chromista,present,Axiom ROR
D20180406T033616_IFCB115,D20180406T033616_IFCB115_00869_Bacillariophyceae,https://ifcb-data.whoi.edu/SIO_Delmar_mooring/D20180406T033616_IFCB115_00869.png,MachineObservation,ValidatedByHuman,hsosik,Bacillariophyceae,Bacillariophyceae,urn:lsid:marinespecies.org:taxname:148899,NaN,present,Axiom ROR
D20180406T033616_IFCB115,D20180406T033616_IFCB115_00870_ciliate,https://ifcb-data.whoi.edu/SIO_Delmar_mooring/D20180406T033616_IFCB115_00870.png,MachineObservation,ValidatedByHuman,hsosik,ciliate,Spirotrichea,urn:lsid:marinespecies.org:taxname:1348,Chromista,present,Axiom ROR
D20180406T033616_IFCB115,D20180406T033616_IFCB115_00882_Dinophyceae,https://ifcb-data.whoi.edu/SIO_Delmar_mooring/D20180406T033616_IFCB115_00882.png,MachineObservation,ValidatedByHuman,hsosik,Dinophyceae,Dinophyceae,urn:lsid:marinespecies.org:taxname:19542,Chromista,present,Axiom ROR
D20180406T033616_IFCB115,D20180406T033616_IFCB115_00888_Leptocylindrus,https://ifcb-data.whoi.edu/SIO_Delmar_mooring/D20180406T033616_IFCB115_00888.png,MachineObservation,ValidatedByHuman,rshipe,Leptocylindrus,Leptocylindrus,urn:lsid:marinespecies.org:taxname:149038,NaN,present,Axiom ROR
D20180406T033616_IFCB115,D20180406T033616_IFCB115_00905_Mesodinium,https://ifcb-data.whoi.edu/SIO_Delmar_mooring/D20180406T033616_IFCB115_00905.png,MachineObservation,ValidatedByHuman,kkenitz,Mesodinium,Mesodinium,urn:lsid:marinespecies.org:taxname:179320,Chromista,present,Axiom ROR
D20180406T033616_IFCB115,D20180406T033616_IFCB115_00937_Dinophyceae,https://ifcb-data.whoi.edu/SIO_Delmar_mooring/D20180406T033616_IFCB115_00937.png,MachineObservation,ValidatedByHuman,hsosik,Dinophyceae,Dinophyceae,urn:lsid:marinespecies.org:taxname:19542,NaN,present,Axiom ROR
D20180406T033616_IFCB115,D20180406T033616_IFCB115_00983_Bacillariophyceae,https://ifcb-data.whoi.edu/SIO_Delmar_mooring/D20180406T033616_IFCB115_00983.png,MachineObservation,ValidatedByHuman,hsosik,Bacillariophyceae,Bacillariophyceae,urn:lsid:marinespecies.org:taxname:148899,Chromista,present,Axiom ROR
D20180406T033616_IFCB115,D20180406T033616_IFCB115_00987_Bacillariophyceae,https://ifcb-data.whoi.edu/SIO_Delmar_mooring/D20180406T033616_IFCB115_00987.png,MachineObservation,ValidatedByHuman,hsosik,Bacillariophyceae,Bacillariophyceae,urn:lsid:marinespecies.org:taxname:148899,NaN,present,Axiom ROR
D20180406T033616_IFCB115,D20180406T033616_IFCB115_01013_ciliate,https://ifcb-data.whoi.edu/SIO_Delmar_mooring/D20180406T033616_IFCB115_01013.png,MachineObservation,ValidatedByHuman,hsosik,ciliate,Spirotrichea,urn:lsid:marinespecies.org:taxname:1348,Chromista,present,Axiom ROR
D20180406T033616_IFCB115,D20180406T033616_IFCB115_01022_Dinophyceae,https://ifcb-data.whoi.edu/SIO_Delmar_mooring/D20180406T033616_IFCB115_01022.png,MachineObservation,ValidatedByHuman,hsosik,Dinophyceae,Dinophyceae,urn:lsid:marinespecies.org:taxname:19542,Chromista,present,Axiom ROR
D20180406T033616_IFCB115,D20180406T033616_IFCB115_01063_Bacillariophyceae,https://ifcb-data.whoi.edu/SIO_Delmar_mooring/D20180406T033616_IFCB115_01063.png,MachineObservation,ValidatedByHuman,hsosik,Bacillariophyceae,Bacillariophyceae,urn:lsid:marinespecies.org:taxname:148899,Chromista,present,Axiom ROR
D20180406T033616_IFCB115,D20180406T033616_IFCB115_01073_Bacillariophyceae,https://ifcb-data.whoi.edu/SIO_Delmar_mooring/D20180406T033616_IFCB115_01073.png,MachineObservation,ValidatedByHuman,hsosik,Bacillariophyceae,Bacillariophyceae,urn:lsid:marinespecies.org:taxname:148899,Chromista,present,Axiom ROR
D20180406T033616_IFCB115,D20180406T033616_IFCB115_01090_Ceratium fusus,https://ifcb-data.whoi.edu/SIO_Delmar_mooring/D20180406T033616_IFCB115_01090.png,MachineObservation,ValidatedByHuman,kkenitz,Ceratium fusus,Tripos fusus,urn:lsid:marinespecies.org:taxname:840626,Chromista,present,Axiom ROR
D20180406T033616_IFCB115,D20180406T033616_IFCB115_01127_Cylindrotheca,https://ifcb-data.whoi.edu/SIO_Delmar_mooring/D20180406T033616_IFCB115_01127.png,MachineObservation,ValidatedByHuman,jaymesmi,Cylindrotheca,Cylindrotheca,urn:lsid:marinespecies.org:taxname:149003,Chromista,present,Axiom ROR
D20180406T033616_IFCB115,D20180406T033616_IFCB115_01137_Dinophyceae,https://ifcb-data.whoi.edu/SIO_Delmar_mooring/D20180406T033616_IFCB115_01137.png,MachineObservation,ValidatedByHuman,hsosik,Dinophyceae,Dinophyceae,urn:lsid:marinespecies.org:taxname:19542,Chromista,present,Axiom ROR
D20180406T033616_IFCB115,D20180406T033616_IFCB115_01162_Dinophyceae,https://ifcb-data.whoi.edu/SIO_Delmar_mooring/D20180406T033616_IFCB115_01162.png,MachineObservation,ValidatedByHuman,hsosik,Dinophyceae,Dinophyceae,urn:lsid:marinespecies.org:taxname:19542,NaN,present,Axiom ROR
D20180406T033616_IFCB115,D20180406T033616_IFCB115_01163_Dinophyceae,https://ifcb-data.whoi.edu/SIO_Delmar_mooring/D20180406T033616_IFCB115_01163.png,MachineObservation,ValidatedByHuman,hsosik,Dinophyceae,Dinophyceae,urn:lsid:marinespecies.org:taxname:19542,Protozoa,present,Axiom ROR
